"","Cyear","Lusimj","sLusi","sstmj","sSST","Beutimj","sbeuti","sLusi_lag4","sSST_lag4","sbeuti_lag4","Tumimj","sTumi","HCImj","sHCI","Windmj","sWind","STImj","sSTI","STI48mj","sSTI48","DO150mj","sDO150","DO50mj","sDO50","cutimj","scuti","ara150mj","sara150","ara40mj","sara40","sTumi_lag4","sHCI_lag4","sWind_lag4","sSTI_lag4","sSTI48_lag4","sDO150_lag4","sDO50_lag4","scuti_lag4","sara150_lag4","sara40_lag4","Landkg"
"1",1967,188,0.7391444761467,NA,NA,NA,NA,NA,NA,NA,10259.731,2.58791686835219,NA,NA,NA,NA,84,-1.19891835240172,87,-1.09505706404375,NA,NA,NA,NA,NA,NA,NA,NA,NA,NA,NA,NA,NA,NA,NA,NA,NA,NA,NA,NA,3820404.87
"2",1968,195,0.972316704053118,NA,NA,NA,NA,NA,NA,NA,9133.83,1.9868610521604,NA,NA,NA,NA,88,-1.03236203039142,87,-1.09505706404375,NA,NA,NA,NA,NA,NA,NA,NA,NA,NA,NA,NA,NA,NA,NA,NA,NA,NA,NA,NA,4894213.138
"3",1969,143,-0.759819846108846,NA,NA,NA,NA,NA,NA,NA,6567.234,0.616698441402788,NA,NA,NA,NA,116,0.133532223680671,117,-0.00687928481123999,NA,NA,NA,NA,NA,NA,NA,NA,NA,NA,NA,NA,NA,NA,NA,NA,NA,NA,NA,NA,8361474.575
"4",1970,213,1.57190243295534,NA,NA,NA,NA,NA,NA,NA,9135.859,1.98794422221802,NA,NA,NA,NA,75,-1.5736700769249,75,-1.53032817573675,NA,NA,NA,NA,NA,NA,NA,NA,NA,NA,NA,NA,NA,NA,NA,NA,NA,NA,NA,NA,8049287.812
"5",1971,188,0.7391444761467,NA,NA,NA,NA,0.7391444761467,NA,NA,5446.5015,0.0184017994065795,NA,NA,NA,NA,103,-0.407775822852802,103,-0.514695581786409,NA,NA,NA,NA,NA,NA,NA,NA,NA,NA,2.58791686835219,NA,NA,-1.19891835240172,-1.09505706404375,NA,NA,NA,NA,NA,5672469.69
"6",1972,202,1.20548893195954,NA,NA,NA,NA,0.972316704053118,NA,NA,6412.79,0.53424939439428,NA,NA,NA,NA,103,-0.407775822852802,103,-0.514695581786409,NA,NA,NA,NA,NA,NA,NA,NA,NA,NA,1.9868610521604,NA,NA,-1.03236203039142,-1.09505706404375,NA,NA,NA,NA,NA,4054613.661
"7",1973,179,0.439351611695591,NA,NA,NA,NA,-0.759819846108846,NA,NA,7765.874,1.25658555716175,NA,NA,NA,NA,80,-1.36547467441202,80,-1.34896521253133,NA,NA,NA,NA,NA,NA,NA,NA,NA,NA,0.616698441402788,NA,NA,0.133532223680671,-0.00687928481123999,NA,NA,NA,NA,NA,1920820.805
"8",1974,195,0.972316704053118,NA,NA,NA,NA,1.57190243295534,NA,NA,6977.5054,0.8357194842717,NA,NA,NA,NA,101,-0.491053983857951,98,-0.696058544991827,NA,NA,NA,NA,NA,NA,NA,NA,NA,NA,1.98794422221802,NA,NA,-1.5736700769249,-1.53032817573675,NA,NA,NA,NA,NA,1575237.85
"9",1975,192,0.872385749236082,NA,NA,NA,NA,0.7391444761467,NA,NA,8047.5107,1.40693570036978,NA,NA,NA,NA,82,-1.28219651340687,81,-1.31269261989025,NA,NA,NA,NA,NA,NA,NA,NA,NA,NA,0.0184017994065795,NA,NA,-0.407775822852802,-0.514695581786409,NA,NA,NA,NA,NA,2202580.592
"10",1976,197,1.03893734059781,NA,NA,NA,NA,1.20548893195954,NA,NA,4795.705,-0.329022193895021,NA,NA,NA,NA,101,-0.491053983857951,101,-0.587240767068576,NA,NA,NA,NA,NA,NA,NA,NA,NA,NA,0.53424939439428,NA,NA,-0.407775822852802,-0.514695581786409,NA,NA,NA,NA,NA,3821765.647
"11",1977,220,1.80507466086175,NA,NA,NA,NA,0.439351611695591,NA,NA,6417.8857,0.5369697047258,NA,NA,NA,NA,74,-1.61530915742747,71,-1.67541854630108,NA,NA,NA,NA,NA,NA,NA,NA,NA,NA,1.25658555716175,NA,NA,-1.36547467441202,-1.34896521253133,NA,NA,NA,NA,NA,5295183.35
"12",1978,139,-0.893061119198228,NA,NA,NA,NA,0.972316704053118,NA,NA,4710.117,-0.37471285870145,NA,NA,NA,NA,96,-0.699249386370825,96,-0.768603730273994,NA,NA,NA,NA,NA,NA,NA,NA,NA,NA,0.8357194842717,NA,NA,-0.491053983857951,-0.696058544991827,NA,NA,NA,NA,NA,3311268.753
"13",1979,160,-0.193544435478973,NA,NA,NA,NA,0.872385749236082,NA,NA,4967.299,-0.23741771737034,NA,NA,NA,NA,128,0.633201189711569,103,-0.514695581786409,NA,NA,NA,NA,NA,NA,NA,NA,NA,NA,1.40693570036978,NA,NA,-1.28219651340687,-1.31269261989025,NA,NA,NA,NA,NA,3588895.86
"14",1980,160,-0.193544435478973,NA,NA,NA,NA,1.03893734059781,NA,NA,7219.8403,0.965088586094381,0.20898292455,-0.826586966347134,NA,NA,110,-0.116302259334778,110,-0.260787433298825,NA,NA,NA,NA,NA,NA,NA,NA,NA,NA,-0.329022193895021,NA,NA,-0.491053983857951,-0.587240767068576,NA,NA,NA,NA,NA,2969024.692
"15",1981,86,-2.65850798763254,NA,NA,NA,NA,1.80507466086175,NA,NA,2447.9902,-1.58233632657592,0.0995731251833333,-1.40237484964971,NA,NA,174,2.54859889283001,174,2.06065849573052,NA,NA,NA,NA,NA,NA,NA,NA,NA,NA,0.5369697047258,NA,NA,-1.61530915742747,-1.67541854630108,NA,NA,NA,NA,NA,1220275.513
"16",1982,160,-0.193544435478973,NA,NA,NA,NA,-0.893061119198228,NA,NA,3797.3655,-0.861980032114377,0.429287310416667,0.332802747871534,NA,NA,107,-0.241219500842502,107,-0.369605211222075,NA,NA,NA,NA,NA,NA,NA,NA,NA,NA,-0.37471285870145,NA,NA,-0.699249386370825,-0.768603730273994,NA,NA,NA,NA,NA,1102619.095
"17",1983,161,-0.160234117206628,NA,NA,NA,NA,-0.193544435478973,NA,NA,2209.4275,-1.70969166098048,0.0908500396,-1.4482815875559,NA,NA,128,0.633201189711569,93,-0.877421508197244,NA,NA,NA,NA,NA,NA,NA,NA,NA,NA,-0.23741771737034,NA,NA,0.633201189711569,-0.514695581786409,NA,NA,NA,NA,NA,1801715.614
"18",1984,130,-1.19285398364934,NA,NA,NA,NA,-0.193544435478973,NA,NA,3157.1763,-1.20374137891412,0.368132892833333,0.0109671092108434,NA,NA,147,1.42434371926049,146,1.04502590178018,NA,NA,NA,NA,NA,NA,NA,NA,NA,NA,0.965088586094381,-0.826586966347134,NA,-0.116302259334778,-0.260787433298825,NA,NA,NA,NA,NA,2130290.215
"19",1985,159,-0.226854753751319,NA,NA,NA,NA,-2.65850798763254,NA,NA,4642.365,-0.410881876811059,0.695063108333333,1.73149358727831,NA,NA,124,0.46664486770127,123,0.210756271035261,NA,NA,NA,NA,NA,NA,NA,NA,NA,NA,-1.58233632657592,-1.40237484964971,NA,2.54859889283001,2.06065849573052,NA,NA,NA,NA,NA,1323409.717
"20",1986,139,-0.893061119198228,NA,NA,NA,NA,-0.193544435478973,NA,NA,4333.1387,-0.575960570350251,0.437639196666667,0.376755985454533,NA,NA,148,1.46598279976307,148,1.11757108706235,NA,NA,NA,NA,NA,NA,NA,NA,NA,NA,-0.861980032114377,0.332802747871534,NA,-0.241219500842502,-0.369605211222075,NA,NA,NA,NA,NA,1790443.843
"21",1987,196,1.00562702232546,NA,NA,NA,NA,-0.160234117206628,NA,NA,4741.0835,-0.358181569598675,0.264940609166667,-0.532100028554981,NA,NA,106,-0.282858581345077,124,0.247028863676345,NA,NA,NA,NA,NA,NA,NA,NA,NA,NA,-1.70969166098048,-1.4482815875559,NA,0.633201189711569,-0.877421508197244,NA,NA,NA,NA,NA,1441281.137
"22",1988,113,-1.75912939427921,NA,NA,0.6454,-0.176213357527668,-1.19285398364934,NA,NA,3079.5928,-1.245158887128,0.510950260833333,0.762568067219895,NA,NA,155,1.75745636328109,155,1.37147923554993,NA,NA,NA,NA,0.2468,0.0223057733724696,NA,NA,NA,NA,-1.20374137891412,0.0109671092108434,NA,1.42434371926049,1.04502590178018,NA,NA,NA,NA,NA,7346167.929
"23",1989,193,0.905696067508427,NA,NA,-1.2322,-1.07256677704872,-0.226854753751319,NA,NA,6020.5693,0.324864614590534,0.480326648833333,0.601406043026188,NA,NA,96,-0.699249386370825,96,-0.768603730273994,NA,NA,NA,NA,0.17,-0.440689738791227,NA,NA,NA,NA,-0.410881876811059,1.73149358727831,NA,0.46664486770127,0.210756271035261,NA,NA,NA,NA,NA,9852706.665
"24",1990,203,1.23879925023188,NA,NA,1.6746,0.31511969497077,-0.893061119198228,NA,NA,4336.3354,-0.574254030319093,0.443207134833333,0.406058217520607,NA,NA,82,-1.28219651340687,159,1.51656960611427,NA,NA,NA,NA,0.3004,0.345438057903383,NA,NA,NA,NA,-0.575960570350251,0.376755985454533,NA,1.46598279976307,1.11757108706235,NA,NA,NA,NA,NA,3026062.571
"25",1991,207,1.37204052332126,NA,NA,1.6654,0.310727677789478,1.00562702232546,NA,NA,4904.332,-0.271032290568293,0.639476610833333,1.43896008551704,NA,NA,99,-0.574332144863101,99,-0.659785952350743,NA,NA,NA,NA,0.3364,0.562467204230116,NA,NA,NA,NA,-0.358181569598675,-0.532100028554981,NA,-0.282858581345077,0.247028863676345,NA,NA,NA,NA,NA,3021219.112
"26",1992,147,-0.626578573019464,12.76552,0.558305774071092,0.5348,-0.229013042337547,-1.75912939427921,NA,-0.176213357527668,4969.008,-0.236505377484442,0.162583518833333,-1.07077181778409,-2.1861882,-0.596733106364415,120,0.30008854569097,117,-0.00687928481123999,NA,NA,NA,NA,0.3692,0.760204870883361,NA,NA,NA,NA,-1.245158887128,0.762568067219895,NA,1.75745636328109,1.37147923554993,NA,NA,0.0223057733724696,NA,NA,3342362.964
"27",1993,162,-0.126923798934282,12.70692,0.494350018922231,-1.4532,-1.1780706680341,0.905696067508427,NA,-1.07256677704872,4018.0679,-0.744159316822811,0.370452853333333,0.0231763002830605,0.337832,1.53439274939293,166,2.21548624880941,161,1.58911479139643,NA,NA,NA,NA,0.0248,-1.31604062897572,NA,NA,NA,NA,0.324864614590534,0.601406043026188,NA,-0.699249386370825,-0.768603730273994,NA,NA,-0.440689738791227,NA,NA,5959461.665
"28",1994,177,0.3727309751509,11.8581,-0.432048003013879,0.6598,-0.169338895852603,1.23879925023188,NA,0.31511969497077,3630.7368,-0.950933811602518,0.292594657583333,-0.386565843365436,-1.95050325,-0.397735376172763,115,0.0918931431780964,166,1.77047775460185,NA,NA,NA,NA,0.341,0.590198706260754,NA,NA,NA,NA,-0.574254030319093,0.406058217520607,NA,-1.28219651340687,1.51656960611427,NA,NA,0.345438057903383,NA,NA,8811685.414
"29",1995,166,0.00631747415509955,13.3725666666667,1.2208335552531,0.3866,-0.299762710410097,1.37204052332126,NA,0.310727677789478,4346.176,-0.569000682231813,0.18513363145,-0.952097972416078,-2.71128733333333,-1.04009419352308,100,-0.532693064360526,100,-0.62351335970966,NA,NA,NA,NA,0.2108,-0.194723372954263,NA,NA,NA,NA,-0.271032290568293,1.43896008551704,NA,-0.574332144863101,-0.659785952350743,NA,NA,0.562467204230116,NA,NA,8788649.272
"30",1996,134,-1.05961271055996,12.03288,-0.241293960609136,-0.213,-0.586007656269078,-0.626578573019464,0.558305774071092,-0.229013042337547,6190.4395,0.415548850333875,0.238585746166667,-0.67079702708108,-1.1831674,0.250155345931815,142,1.21614831674762,142,0.899935531215848,NA,NA,NA,NA,0.219,-0.145288956290952,NA,NA,NA,NA,-0.236505377484442,-1.07077181778409,-0.596733106364415,0.30008854569097,-0.00687928481123999,NA,NA,0.760204870883361,NA,NA,7655641.756
"31",1997,107,-1.95899130391328,12.40968,0.169943727788316,-0.3504,-0.651601478085329,-0.126923798934282,0.494350018922231,-1.1780706680341,2216.8938,-1.70570581938301,0.153396435033333,-1.11912042609474,NA,NA,126,0.549923028706419,155,1.37147923554993,NA,NA,NA,NA,0.1744,-0.414163954240182,NA,NA,NA,NA,-0.744159316822811,0.0231763002830605,1.53439274939293,2.21548624880941,1.58911479139643,NA,NA,-1.31604062897572,NA,NA,4204425.695
"32",1998,192,0.872385749236082,13.6775666666667,1.55370907266611,0.6316,-0.182801383299606,0.3727309751509,-0.432048003013879,-0.169338895852603,7023.1187,0.860069883872288,0.0862100975,-1.47270008074271,-2.9164935,-1.21335753251862,83,-1.2405574329043,83,-1.24014743460808,NA,NA,NA,NA,0.3002,0.34423234042379,NA,NA,NA,NA,-0.950933811602518,-0.386565843365436,-0.397735376172763,0.0918931431780964,1.77047775460185,NA,NA,0.590198706260754,NA,NA,4453823.027
"33",1999,206,1.33873020504892,11.51782,-0.803427940932895,1.3882,0.178394290544465,0.00631747415509955,1.2208335552531,-0.299762710410097,8364.607,1.57621574844497,0.603563479666667,1.24996105712176,-1.0877786,0.330695722759887,89,-0.990722949888849,109,-0.297060025939908,2.3675,0.664841380897472,2.16,-0.717175805078929,0.2738,0.185077633117519,0.77740955,0.687973608195883,0.85571815,-0.865016260061424,-0.569000682231813,-0.952097972416078,-1.04009419352308,-0.532693064360526,-0.62351335970966,NA,NA,-0.194723372954263,NA,NA,4451466.161
"34",2000,152,-0.460026981657737,11.54904,-0.769354584691472,1.4044,0.186128059928914,-1.05961271055996,-0.241293960609136,-0.586007656269078,5748.053,0.179383344814533,0.4563845525,0.475406643983361,-1.240423,0.201812274213569,134,0.883035672727018,166,1.77047775460185,2.06,-0.415160759776274,1.875,-1.04205740405574,0.3124,0.417781106678961,0.7413657,-0.0743764379632785,0.744801825,-1.44106336792048,0.415548850333875,-0.67079702708108,0.250155345931815,1.21614831674762,0.899935531215848,NA,NA,-0.145288956290952,NA,NA,7710405.777
"35",2001,175,0.306110338606209,11.2326,-1.11471566249532,3.5066,1.18970398585411,-1.95899130391328,0.169943727788316,-0.651601478085329,7576.788,1.15564307637486,0.640868589166667,1.44628561086114,-2.1886714,-0.598829766179188,120,0.30008854569097,120,0.101938493112011,2.72,1.90289261532835,3.3,0.582350590828314,0.4776,1.41370374482275,0.83942855,1.99971437708559,1.16975688666667,0.765952905321094,-1.70570581938301,-1.11912042609474,NA,0.549923028706419,1.37147923554993,NA,NA,-0.414163954240182,NA,NA,4063198.804
"36",2002,198,1.07224765887015,11.3876,-0.945549415941165,4.2114,1.52617069339482,0.872385749236082,1.55370907266611,-0.182801383299606,7877.336,1.31608890904116,0.593262808933333,1.19575200608177,-1.7983704,-0.269283848667138,106,-0.282858581345077,106,-0.405877803863159,1.7165,-1.62160217545573,1.269375,-1.73243080188146,0.4714,1.37632650295536,0.6748430825,-1.48137154314081,0.678452495,-1.78565051192193,0.860069883872288,-1.47270008074271,-1.21335753251862,-1.2405574329043,-1.24014743460808,NA,NA,0.34423234042379,NA,NA,5520650.509
"37",2003,154,-0.393406345113046,12.24238,-0.0126466789762633,0.1224,-0.425889986420675,1.33873020504892,-0.803427940932895,0.178394290544465,6922.2456,0.806219355759873,0.178823311166667,-0.985307118031318,-0.5971576,0.744945616036306,117,0.175171304183246,115,-0.079424470093407,2.525,1.21801320904744,5.49,3.07880919349223,0.2678,0.148906108729731,0.802645,1.22171921174121,1.31702947,1.53081728120173,1.57621574844497,1.24996105712176,0.330695722759887,-0.990722949888849,-0.297060025939908,0.664841380897472,-0.717175805078929,0.185077633117519,0.687973608195883,-0.865016260061424,10357967.74
"38",2004,179,0.439351611695591,13.03002,0.846979788352213,1.01,-0.00215580706038243,-0.460026981657737,-0.769354584691472,0.186128059928914,4162.3125,-0.667155161231637,0.206755755333333,-0.838307827334398,-1.6723928,-0.162916189404246,112,-0.0330240983296281,112,-0.188242248016658,1.99,-0.661014905620704,1.4457,-1.53143168630397,0.33,0.523884244883141,0.7101538,-0.734527709420551,0.6701832,-1.82859733213783,0.179383344814533,0.475406643983361,0.201812274213569,0.883035672727018,1.77047775460185,-0.415160759776274,-1.04205740405574,0.417781106678961,-0.0743764379632785,-1.44106336792048,8749517.404
"39",2005,130,-1.19285398364934,14.4356333333333,2.38105934774881,0.0334,-0.468377978717956,0.306110338606209,-1.11471566249532,1.18970398585411,5594.6147,0.0974711850051168,0.239328138416667,-0.666890060203504,-1.75242566666667,-0.230490970090911,142,1.21614831674762,143,0.936208123856931,2.13961,-0.135554351909488,2.25896,-0.6043677944307,0.2454,0.013865751015319,0.7212582,-0.499662681057326,1.516596,2.56727176553457,1.15564307637486,1.44628561086114,-0.598829766179188,0.30008854569097,0.101938493112011,1.90289261532835,0.582350590828314,1.41370374482275,1.99971437708559,0.765952905321094,11363027.74
"40",2006,196,1.00562702232546,11.96848,-0.311579807564541,0.9804,-0.0162866449480172,1.07224765887015,-0.945549415941165,1.52617069339482,9743.174,2.31215586516933,0.450816630833333,0.446104498751375,NA,NA,109,-0.157941339837353,109,-0.297060025939908,2.01369375,-0.57779766750497,3.24441374,0.518985843354838,0.4314,1.13518300703677,0.706309365,-0.815839922175456,1.09980776,0.402670114319856,1.31608890904116,1.19575200608177,-0.269283848667138,-0.282858581345077,-0.405877803863159,-1.62160217545573,-1.73243080188146,1.37632650295536,-1.48137154314081,-1.78565051192193,8268781.61338691
"41",2007,155,-0.360096026840701,12.43916,0.202118056487777,2.044,0.491468732663077,-0.393406345113046,-0.0126466789762633,-0.425889986420675,4796.4067,-0.328647595359074,0.6144209425,1.30710032233411,-0.6865708,0.669450664622683,117,0.175171304183246,117,-0.00687928481123999,1.77807504,-1.40533819167663,2.40280752,-0.440390909144915,0.2648,0.130820346535836,0.671565762,-1.55068892833838,0.93288214,-0.464262869878641,0.806219355759873,-0.985307118031318,0.744945616036306,0.175171304183246,-0.079424470093407,1.21801320904744,3.07880919349223,0.148906108729731,1.22171921174121,1.53081728120173,6495093.01868273
"42",2008,180,0.472661929967936,10.709,-1.68617015730664,5.1452,1.97196043729595,0.439351611695591,0.846979788352213,-0.00215580706038243,5894.5938,0.25761331365673,0.759279886666667,2.06944542599017,-1.5530024,-0.0621103526010333,88,-1.03236203039142,88,-1.05878447140266,1.97674634,-0.707564437886597,2.42453374,-0.415624421098171,0.4178,1.05319421842445,0.718730386,-0.55312753344079,0.9082733,-0.592069584622988,-0.667155161231637,-0.838307827334398,-0.162916189404246,-0.0330240983296281,-0.188242248016658,-0.661014905620704,-1.53143168630397,0.523884244883141,-0.734527709420551,-1.82859733213783,6962365.73456193
"43",2009,202,1.20548893195954,11.03808,-1.32701384494509,3.9106,1.38257082729345,-1.19285398364934,2.38105934774881,-0.468377978717956,4870.2544,-0.289224422631288,0.655438008333333,1.52295968458656,-1.5606472,-0.0685651467988348,83,-1.2405574329043,83,-1.24014743460808,2.13646536,-0.146598963069319,2.852317,0.0720208754783647,0.289,0.276712161566584,0.742089324,-0.0590713362662649,0.960611654,-0.320248845414367,0.0974711850051168,-0.666890060203504,-0.230490970090911,1.21614831674762,0.936208123856931,-0.135554351909488,-0.6043677944307,0.013865751015319,-0.499662681057326,2.56727176553457,4678397.97060174
"44",2010,104,-2.05892225873032,11.96334,-0.317189578579303,1.6044,0.281606694304825,1.00562702232546,-0.311579807564541,-0.0162866449480172,3673.9475,-0.927866026285053,0.4893281375,0.648777925032684,-1.2177616,0.220946152566706,154,1.71581728277851,97,-0.73233113763291,2.51332482,1.1770076175263,3.19198468,0.459220100036763,0.2586,0.0934431046684543,0.80246199,1.21784843539663,1.235124132,1.10543956450296,2.31215586516933,0.446104498751375,NA,-0.157941339837353,-0.297060025939908,-0.57779766750497,0.518985843354838,1.13518300703677,-0.815839922175456,0.402670114319856,7539587.42655965
"45",2011,142,-0.793130164381192,14.7906,2.76846824227681,-0.1636,-0.562424433578228,-0.360096026840701,0.202118056487777,0.491468732663077,3429.8262,-1.05818878754142,0.528582014166667,0.855358201097118,1.202931,2.26482860196251,118,0.216810384685821,133,0.573482197446096,1.97445745,-0.71560348211348,2.451764825,-0.384582742373002,0.1102,-0.801199265189522,0.7262661,-0.393742453441228,0.95213848,-0.364254517050951,-0.328647595359074,1.30710032233411,0.669450664622683,0.175171304183246,-0.00687928481123999,-1.40533819167663,-0.440390909144915,0.130820346535836,-1.55068892833838,-0.464262869878641,9895036.81210814
"46",2012,162,-0.126923798934282,11.94538,-0.336791035276804,-2.1404,-1.50613525574973,0.472661929967936,-1.68617015730664,1.97196043729595,6139.5625,0.388388454561609,0.594469190833333,1.20210079828024,NA,NA,124,0.46664486770127,121,0.138211085753094,2.28411634,0.371981116516297,4.24566665,1.66034951486707,0.0442,-1.1990860334552,0.768227824,0.49377434147158,1.123365942,0.525020206675669,0.25761331365673,2.06944542599017,-0.0621103526010333,-1.03236203039142,-1.05878447140266,-0.707564437886597,-0.415624421098171,1.05319421842445,-0.55312753344079,-0.592069584622988,4898328.58148942
"47",2013,162,-0.126923798934282,11.40632,-0.925118498937981,1.4398,0.20302777821345,1.20548893195954,-1.32701384494509,1.38257082729345,4729.8184,-0.364195378872299,0.4453415025,0.417290694392819,-1.699183,-0.185536169981624,100,-0.532693064360526,100,-0.62351335970966,1.96023902,-0.765541481583463,1.92729334,-0.982446372774905,0.3754,0.797582112750743,0.718961918,-0.548230486347118,0.905517054,-0.606384227096475,-0.289224422631288,1.52295968458656,-0.0685651467988348,-1.2405574329043,-1.24014743460808,-0.146598963069319,0.0720208754783647,0.276712161566584,-0.0590713362662649,-0.320248845414367,8406381.58038063
"48",2014,134,-1.05961271055996,12.1962,-0.0630473064980122,0.1006,-0.43629715756765,-2.05892225873032,-0.317189578579303,0.281606694304825,5309.7935,-0.0545789853337739,0.251855973333333,-0.600960174665032,-0.9529332,0.444550801443466,130,0.716479350716719,139,0.791117753292597,2.231208775,0.186159056490816,3.1709283,0.435217186341804,0.2502,0.0428029705255499,0.7504530525,0.117826770013658,1.195608535,0.900214180708698,-0.927866026285053,0.648777925032684,0.220946152566706,1.71581728277851,-0.73233113763291,1.1770076175263,0.459220100036763,0.0934431046684543,1.21784843539663,1.10543956450296,5239673.16923974
"49",2015,176,0.339420656878554,12.896475,0.701229424506571,2.0804,0.508845844119493,-0.793130164381192,2.76846824227681,-0.562424433578228,6644.86,0.658138637998851,0.0839829233833333,-1.48442096751707,-4.51436033333333,-2.56249702140773,103,-0.407775822852802,120,0.101938493112011,2.40734502,0.804785143158249,2.86382098,0.0851346699239687,0.3374,0.56849579162808,0.775122742,0.639606183951327,1.01781994,-0.023135975006212,-1.05818878754142,0.855358201097118,2.26482860196251,0.216810384685821,0.573482197446096,-0.71560348211348,-0.384582742373002,-0.801199265189522,-0.393742453441228,-0.364254517050951,4193248.72582847
"50",2016,161,-0.160234117206628,13.36642,1.21412511313168,1.3972,0.182690829091381,-0.126923798934282,-0.336791035276804,-1.50613525574973,5521.3086,0.0583371423429845,0.08713808555,-1.46781638405254,1.544978,2.55363183958486,114,0.0502540626755215,114,-0.115697062734491,2.5386625,1.26599867001315,3.18986338,0.456801954998484,0.179,-0.386432452209544,0.799457325,1.15429788512404,1.119047644,0.502593002440643,0.388388454561609,1.20210079828024,NA,0.46664486770127,0.138211085753094,0.371981116516297,1.66034951486707,-1.1990860334552,0.49377434147158,0.525020206675669,6326826.12514568
"51",2017,167,0.039627792427445,12.1726,-0.0888042317798041,0.3214,-0.330888745216644,-0.126923798934282,-0.925118498937981,0.20302777821345,4459.5127,-0.508496532468215,0.234595393333333,-0.691796945048532,-0.3926672,0.917604606124484,123,0.425005787198695,170,1.91556812516619,2.0311625,-0.516443887358971,3.52071502,0.83395146316445,0.116,-0.766233458281326,0.725265535,-0.414905031077503,1.17188506,0.777005634427376,-0.364195378872299,0.417290694392819,-0.185536169981624,-0.532693064360526,-0.62351335970966,-0.765541481583463,-0.982446372774905,0.797582112750743,-0.548230486347118,-0.606384227096475,9130570.82899731
"52",2018,188,0.7391444761467,12.33642,0.0899881199008501,1.148,0.0637244506589962,-1.05961271055996,-0.0630473064980122,-0.43629715756765,4416.2446,-0.531594960447734,0.191536750833333,-0.918400455579333,-1.3929738,0.073007855692486,108,-0.199580420339927,105,-0.442150396504242,2.00175,-0.619746531139675,2.95727666,0.191668111158583,0.2348,-0.0500372754031078,0.7061685725,-0.818817771902215,0.99609658,-0.135956866799923,-0.0545789853337739,-0.600960174665032,0.444550801443466,0.716479350716719,0.791117753292597,0.186159056490816,0.435217186341804,0.0428029705255499,0.117826770013658,0.900214180708698,6830028.79983732
"53",2019,143,-0.759819846108846,11.93935,-0.343372147965331,2.1524,0.543218152494821,0.339420656878554,0.701229424506571,0.508845844119493,3623.9434,-0.954560429379496,0.208797327416667,-0.827563703176628,-2.3027338,-0.695136970776733,108,-0.199580420339927,112,-0.188242248016658,2.72237,1.91121653426623,3.03741008,0.28301503614483,0.2704,0.164580435964439,0.83186012,1.83963733315569,1.009596214,-0.0658461313166139,0.658138637998851,-1.48442096751707,-2.56249702140773,-0.407775822852802,0.101938493112011,0.804785143158249,0.0851346699239687,0.56849579162808,0.639606183951327,-0.023135975006212,6740072.36101892
"54",2020,116,-1.65919843946217,12.0593,-0.212459301035196,2.5872,0.750788703628051,-0.160234117206628,1.21412511313168,0.182690829091381,2758.6465,-1.41649423570681,0.331198958583333,-0.183404070948024,-2.1141416,-0.535901433115759,138,1.04959199473732,168,1.84302293988402,2.1592375,-0.06661860551575,3.02034,0.263556247074437,0.2662,0.139260368892987,0.73671843,-0.172669114772611,1.14173394,0.620414929905644,0.0583371423429845,-1.46781638405254,2.55363183958486,0.0502540626755215,-0.115697062734491,1.26599867001315,0.456801954998484,-0.386432452209544,1.15429788512404,0.502593002440643,5588398.15844233
"55",2021,179,0.439351611695591,11.47678,-0.848218797439879,4.1046,1.47518510263809,0.039627792427445,-0.0888042317798041,-0.330888745216644,4991.593,-0.224448504270286,0.388548633333333,0.118408454287754,-2.6603598,-0.997094148176137,81,-1.32383559390945,83,-1.24014743460808,1.83466,-1.20660037727033,1.908634,-1.00371681563474,0.3132,0.422603976597332,0.689486566,-1.17165267786544,0.8192219,-1.05456057880982,-0.508496532468215,-0.691796945048532,0.917604606124484,0.425005787198695,1.91556812516619,-0.516443887358971,0.83395146316445,-0.766233458281326,-0.414905031077503,0.777005634427376,5707662.56106354
"56",2022,135,-1.02630239228761,11.80494,-0.490066568606258,0.7328,-0.134489194305395,0.7391444761467,0.0899881199008501,0.0637244506589962,3525.3933,-1.00717083721401,0.551317738333333,0.975008859164813,-0.6655394,0.687208272237224,162,2.04892992679911,162,1.62538738403752,1.84941334,-1.15478366578387,2.16994666,-0.705837254884969,0.0856,-0.949502515179456,0.678516448,-1.40367755766245,0.98406983,-0.198418137081317,-0.531594960447734,-0.918400455579333,0.073007855692486,-0.199580420339927,-0.442150396504242,-0.619746531139675,0.191668111158583,-0.0500372754031078,-0.818817771902215,-0.135956866799923,8506797.40565886
"57",2023,152,-0.460026981657737,11.37554,-0.958711641318217,1.7938,0.372024961058813,-0.759819846108846,-0.343372147965331,0.543218152494821,5005.9673,-0.216774866340587,0.366648110833333,0.0031531886123724,-1.165307,0.265235558140167,114,0.0502540626755215,121,0.138211085753094,2.510074,1.16559008074924,3.310326,0.594121564130189,0.2028,-0.242952072137981,0.79305154,1.01881151254076,1.061711892,0.204818133713931,-0.954560429379496,-0.827563703176628,-0.695136970776733,-0.199580420339927,-0.188242248016658,1.91121653426623,0.28301503614483,0.164580435964439,1.83963733315569,-0.0658461313166139,13037830.0191332
"58",2024,166,0.00631747415509955,12.27822,0.0264689228076137,2.114,0.524886254694646,-1.65919843946217,-0.212459301035196,0.750788703628051,4195.504,-0.649436068591049,0.17334818375,-1.01412091756576,-2.4159078,-0.79069406560485,89,-0.990722949888849,124,0.247028863676345,2.191725,0.0474840596716911,2.82849002,0.0448596566671766,0.2454,0.013865751015319,0.7591206325,0.301151526195039,0.992092434,-0.156752513633204,-1.41649423570681,-0.183404070948024,-0.535901433115759,1.04959199473732,1.84302293988402,-0.06661860551575,0.263556247074437,0.139260368892987,-0.172669114772611,0.620414929905644,9534872.22333415
"59",2025,NA,NA,NA,NA,NA,NA,0.439351611695591,-0.848218797439879,1.47518510263809,NA,NA,NA,NA,NA,NA,NA,NA,NA,NA,NA,NA,NA,NA,NA,NA,NA,NA,NA,NA,-0.224448504270286,0.118408454287754,-0.997094148176137,-1.32383559390945,-1.24014743460808,-1.20660037727033,-1.00371681563474,0.422603976597332,-1.17165267786544,-1.05456057880982,7264545
"60",2026,NA,NA,NA,NA,NA,NA,-1.02630239228761,-0.490066568606258,-0.134489194305395,NA,NA,NA,NA,NA,NA,NA,NA,NA,NA,NA,NA,NA,NA,NA,NA,NA,NA,NA,NA,-1.00717083721401,0.975008859164813,0.687208272237224,2.04892992679911,1.62538738403752,-1.15478366578387,-0.705837254884969,-0.949502515179456,-1.40367755766245,-0.198418137081317,NA
"61",2027,NA,NA,NA,NA,NA,NA,-0.460026981657737,-0.958711641318217,0.372024961058813,NA,NA,NA,NA,NA,NA,NA,NA,NA,NA,NA,NA,NA,NA,NA,NA,NA,NA,NA,NA,-0.216774866340587,0.0031531886123724,0.265235558140167,0.0502540626755215,0.138211085753094,1.16559008074924,0.594121564130189,-0.242952072137981,1.01881151254076,0.204818133713931,NA
"62",2028,NA,NA,NA,NA,NA,NA,0.00631747415509955,0.0264689228076137,0.524886254694646,NA,NA,NA,NA,NA,NA,NA,NA,NA,NA,NA,NA,NA,NA,NA,NA,NA,NA,NA,NA,-0.649436068591049,-1.01412091756576,-0.79069406560485,-0.990722949888849,0.247028863676345,0.0474840596716911,0.0448596566671766,0.013865751015319,0.301151526195039,-0.156752513633204,NA
